;21001 - Kanton Anderlecht (BLVP);;;;;
;;;;;;
;Gemeenten;Anderlecht;Sint-Agatha-Berchem;TOTALEN;;
2;Groen;728;211;939;;
3;Vlaams Belang;501;154;655;;
7;OpenVld;1060;456;1516;;
12;sp.a;1269;261;1530;;
13;N-VA;1184;547;1731;;
15;CD&V;719;378;1097;;
38;PENSIO(E)N PLUS;97;18;115;;
;TOTALEN;5558;2025;7583;;
;21004 - Kanton Brussel (BLVP);;;;;
;;;;;;
;Gemeenten;Brussel;TOTALEN;;;
2;Groen;2262;2262;;;
3;Vlaams Belang;494;494;;;
7;OpenVld;2171;2171;;;
12;sp.a;1865;1865;;;
13;N-VA;1748;1748;;;
15;CD&V;1033;1033;;;
38;PENSIO(E)N PLUS;78;78;;;
;TOTALEN;9651;9651;;;
;21009 - Kanton Elsene (BLVP);;;;;
;;;;;;
;Gemeenten;Elsene;Oudergem;Watermaal-Bosvoorde;TOTALEN;
2;Groen;695;268;221;1184;
3;Vlaams Belang;75;54;29;158;
7;OpenVld;715;364;295;1374;
12;sp.a;424;128;129;681;
13;N-VA;448;220;130;798;
15;CD&V;298;224;149;671;
38;PENSIO(E)N PLUS;21;9;2;32;
;TOTALEN;2676;1267;955;4898;
;21015 - Kanton Schaarbeek (BLVP);;;;;
;;;;;;
;Gemeenten;Evere;Schaarbeek;TOTALEN;;
2;Groen;216;1445;1661;;
3;Vlaams Belang;135;244;379;;
7;OpenVld;643;1010;1653;;
12;sp.a;232;923;1155;;
13;N-VA;422;707;1129;;
15;CD&V;259;524;783;;
38;PENSIO(E)N PLUS;16;51;67;;
;TOTALEN;1923;4904;6827;;
;21013 - Kanton Sint-Gillis (BLVP);;;;;
;;;;;;
;Gemeenten;Sint-Gillis;TOTALEN;;;
2;Groen;652;652;;;
3;Vlaams Belang;55;55;;;
7;OpenVld;268;268;;;
12;sp.a;293;293;;;
13;N-VA;177;177;;;
15;CD&V;93;93;;;
38;PENSIO(E)N PLUS;11;11;;;
;TOTALEN;1549;1549;;;
;21012 - Kanton Sint-Jans-Molenbeek (BLVP);;;;;
;;;;;;
;Gemeenten;Ganshoren;Jette;Koekelberg;Sint-Jans-Molenbeek;TOTALEN
2;Groen;263;696;260;686;1905
3;Vlaams Belang;120;277;63;284;744
7;OpenVld;640;909;265;756;2570
12;sp.a;251;716;246;1524;2737
13;N-VA;422;730;211;778;2141
15;CD&V;241;461;114;382;1198
38;PENSIO(E)N PLUS;21;30;7;50;108
;TOTALEN;1958;3819;1166;4460;11403
;21014 - Kanton Sint-Joost-Ten-Node (BLVP);;;;;
;;;;;;
;Gemeenten;Etterbeek;Sint-Joost-Ten-Node;Sint-Lambrechts-Woluwe;Sint-Pieters-Woluwe;TOTALEN
2;Groen;404;242;319;233;1198
3;Vlaams Belang;56;48;96;66;266
7;OpenVld;402;102;610;623;1737
12;sp.a;222;208;189;157;776
13;N-VA;259;144;390;276;1069
15;CD&V;217;74;325;334;950
38;PENSIO(E)N PLUS;10;3;20;9;42
;TOTALEN;1570;821;1949;1698;6038
;21016 - Kanton Ukkel (BLVP);;;;;
;;;;;;
;Gemeenten;Ukkel;Vorst;TOTALEN;;
2;Groen;366;493;859;;
3;Vlaams Belang;117;92;209;;
7;OpenVld;836;336;1172;;
12;sp.a;243;278;521;;
13;N-VA;486;229;715;;
15;CD&V;290;169;459;;
38;PENSIO(E)N PLUS;18;17;35;;
;TOTALEN;2356;1614;3970;;
